Raju102,Password102
Raju103,Password103
Raju104,Password104
Raju105,Password105
Raju106,Password106
Raju107,Password107
Raju108,Password108
Raju109,Password109
Raju110,Password110
Raju111,Password111
Raju112,Password112
Raju113,Password113
Raju114,Password114
Raju115,Password115
Raju116,Password116
Raju117,Password117
Raju118,Password118
Raju119,Password119
Raju120,Password120
Raju121,Password121
Raju122,Password122
Raju123,Password123
Raju124,Password124
Raju125,Password125
Raju126,Password126
Raju127,Password127
Raju128,Password128
Raju129,Password129
Raju130,Password130
Raju131,Password131
Raju132,Password132
Raju133,Password133
Raju134,Password134
Raju135,Password135
Raju136,Password136
Raju137,Password137
Raju138,Password138
Raju139,Password139
Raju140,Password140
Raju141,Password141
Raju142,Password142
Raju143,Password143
Raju144,Password144
Raju145,Password145
Raju146,Password146
Raju147,Password147
Raju148,Password148
Raju149,Password149
Raju150,Password150
Raju151,Password151
Raju152,Password152
Raju153,Password153
Raju154,Password154
Raju155,Password155
Raju156,Password156
Raju157,Password157
Raju158,Password158
Raju159,Password159
Raju160,Password160
Raju161,Password161
Raju162,Password162
Raju163,Password163
Raju164,Password164
Raju165,Password165
Raju166,Password166
Raju167,Password167
Raju168,Password168
Raju169,Password169
Raju170,Password170
Raju171,Password171
Raju172,Password172
Raju173,Password173
Raju174,Password174
Raju175,Password175
Raju176,Password176
Raju177,Password177
Raju178,Password178
Raju179,Password179
Raju180,Password180
Raju181,Password181
Raju182,Password182
Raju183,Password183
Raju184,Password184
Raju185,Password185
Raju186,Password186
Raju187,Password187
Raju188,Password188
Raju189,Password189
Raju190,Password190
Raju191,Password191
Raju192,Password192
Raju193,Password193
Raju194,Password194
Raju195,Password195
Raju196,Password196
Raju197,Password197
Raju198,Password198
Raju199,Password199
Raju200,Password200
Raju201,Password201
Raju202,Password202
Raju203,Password203
Raju204,Password204
Raju205,Password205
Raju206,Password206
Raju207,Password207
Raju208,Password208
Raju209,Password209
Raju210,Password210
Raju211,Password211
Raju212,Password212
Raju213,Password213
Raju214,Password214
Raju215,Password215
Raju216,Password216
Raju217,Password217
Raju218,Password218
Raju219,Password219
Raju220,Password220
Raju221,Password221
Raju222,Password222
Raju223,Password223
Raju224,Password224
Raju225,Password225
Raju226,Password226
Raju227,Password227
Raju228,Password228
Raju229,Password229
Raju230,Password230
Raju231,Password231
Raju232,Password232
Raju233,Password233
Raju234,Password234
Raju235,Password235
Raju236,Password236
Raju237,Password237
Raju238,Password238
Raju239,Password239
Raju240,Password240
Raju241,Password241
Raju242,Password242
Raju243,Password243
Raju244,Password244
Raju245,Password245
Raju246,Password246
Raju247,Password247
Raju248,Password248
Raju249,Password249
Raju250,Password250
Raju251,Password251
Raju252,Password252
Raju253,Password253
Raju254,Password254
Raju255,Password255
Raju256,Password256
Raju257,Password257
Raju258,Password258
Raju259,Password259
Raju260,Password260
Raju261,Password261
Raju262,Password262
Raju263,Password263
Raju264,Password264
Raju265,Password265
Raju266,Password266
Raju267,Password267
Raju268,Password268
Raju269,Password269
Raju270,Password270
Raju271,Password271
Raju272,Password272
Raju273,Password273
Raju274,Password274
Raju275,Password275
Raju276,Password276
Raju277,Password277
Raju278,Password278
Raju279,Password279
Raju280,Password280
Raju281,Password281
Raju282,Password282
Raju283,Password283
Raju284,Password284
Raju285,Password285
Raju286,Password286
Raju287,Password287
Raju288,Password288
Raju289,Password289
Raju290,Password290
Raju291,Password291
Raju292,Password292
Raju293,Password293
Raju294,Password294
Raju295,Password295
Raju296,Password296
Raju297,Password297
Raju298,Password298
Raju299,Password299
Raju300,Password300
Raju301,Password301
Raju302,Password302
Raju303,Password303
Raju304,Password304
Raju305,Password305
Raju306,Password306
Raju307,Password307
Raju308,Password308
Raju309,Password309
Raju310,Password310
Raju311,Password311
Raju312,Password312
Raju313,Password313
Raju314,Password314
Raju315,Password315
Raju316,Password316
Raju317,Password317
Raju318,Password318
Raju319,Password319
Raju320,Password320
Raju321,Password321
Raju322,Password322
Raju323,Password323
Raju324,Password324
Raju325,Password325
Raju326,Password326
Raju327,Password327
Raju328,Password328
Raju329,Password329
Raju330,Password330
Raju331,Password331
Raju332,Password332
Raju333,Password333
Raju334,Password334
Raju335,Password335
Raju336,Password336
Raju337,Password337
Raju338,Password338
Raju339,Password339
Raju340,Password340
Raju341,Password341
Raju342,Password342
Raju343,Password343
Raju344,Password344
Raju345,Password345
Raju346,Password346
Raju347,Password347
Raju348,Password348
Raju349,Password349
Raju350,Password350
Raju351,Password351
Raju352,Password352
Raju353,Password353
Raju354,Password354
Raju355,Password355
Raju356,Password356
Raju357,Password357
Raju358,Password358
Raju359,Password359
Raju360,Password360
Raju361,Password361
Raju362,Password362
Raju363,Password363
Raju364,Password364
Raju365,Password365
Raju366,Password366
Raju367,Password367
Raju368,Password368
Raju369,Password369
Raju370,Password370
Raju371,Password371
Raju372,Password372
Raju373,Password373
Raju374,Password374
Raju375,Password375
Raju376,Password376
Raju377,Password377
Raju378,Password378
Raju379,Password379
Raju380,Password380
Raju381,Password381
Raju382,Password382
Raju383,Password383
Raju384,Password384
Raju385,Password385
Raju386,Password386
Raju387,Password387
Raju388,Password388
Raju389,Password389
Raju390,Password390
Raju391,Password391
Raju392,Password392
Raju393,Password393
Raju394,Password394
Raju395,Password395
Raju396,Password396
Raju397,Password397
Raju398,Password398
Raju399,Password399
Raju400,Password400
Raju401,Password401
Raju402,Password402
Raju403,Password403
Raju404,Password404
Raju405,Password405
Raju406,Password406
Raju407,Password407
Raju408,Password408
Raju409,Password409
Raju410,Password410
Raju411,Password411
Raju412,Password412
Raju413,Password413
Raju414,Password414
Raju415,Password415
Raju416,Password416
Raju417,Password417
Raju418,Password418
Raju419,Password419
Raju420,Password420
Raju421,Password421
Raju422,Password422
Raju423,Password423
Raju424,Password424
Raju425,Password425
Raju426,Password426
Raju427,Password427
Raju428,Password428
Raju429,Password429
Raju430,Password430
Raju431,Password431
Raju432,Password432
Raju433,Password433
Raju434,Password434
Raju435,Password435
Raju436,Password436
Raju437,Password437
Raju438,Password438
Raju439,Password439
Raju440,Password440
Raju441,Password441
Raju442,Password442
Raju443,Password443
Raju444,Password444
Raju445,Password445
Raju446,Password446
Raju447,Password447
Raju448,Password448
Raju449,Password449
Raju450,Password450
Raju451,Password451
Raju452,Password452
Raju453,Password453
Raju454,Password454
Raju455,Password455
Raju456,Password456
Raju457,Password457
Raju458,Password458
Raju459,Password459
Raju460,Password460
Raju461,Password461
Raju462,Password462
Raju463,Password463
Raju464,Password464
Raju465,Password465
Raju466,Password466
Raju467,Password467
Raju468,Password468
Raju469,Password469
Raju470,Password470
Raju471,Password471
Raju472,Password472
Raju473,Password473
Raju474,Password474
Raju475,Password475
Raju476,Password476
Raju477,Password477
Raju478,Password478
Raju479,Password479
Raju480,Password480
Raju481,Password481
Raju482,Password482
Raju483,Password483
Raju484,Password484
Raju485,Password485
Raju486,Password486
Raju487,Password487
Raju488,Password488
Raju489,Password489
Raju490,Password490
Raju491,Password491
Raju492,Password492
Raju493,Password493
Raju494,Password494
Raju495,Password495
Raju496,Password496
Raju497,Password497
Raju498,Password498
Raju499,Password499
Raju500,Password500
Raju501,Password501
Raju502,Password502
Raju503,Password503
Raju504,Password504
Raju505,Password505
Raju506,Password506
Raju507,Password507
Raju508,Password508
Raju509,Password509
Raju510,Password510
Raju511,Password511