Siva4,Password4
Siva5,Password5
Siva6,Password6
Siva7,Password7
Siva8,Password8
Siva9,Password9
Siva10,Password10
Siva11,Password11
Siva12,Password12
Siva13,Password13
Siva14,Password14
Siva15,Password15
Siva16,Password16
Siva17,Password17
Siva18,Password18
Siva19,Password19
Siva20,Password20
Siva21,Password21
Siva22,Password22
Siva23,Password23
Siva24,Password24
Siva25,Password25
Siva26,Password26
Siva27,Password27
Siva28,Password28
Siva29,Password29
Siva30,Password30
Siva31,Password31
Siva32,Password32
Siva33,Password33
Siva34,Password34
Siva35,Password35
Siva36,Password36
Siva37,Password37
Siva38,Password38
Siva39,Password39
Siva40,Password40
Siva41,Password41
Siva42,Password42
Siva43,Password43
Siva44,Password44
Siva45,Password45
Siva46,Password46
Siva47,Password47
Siva48,Password48
Siva49,Password49
Siva50,Password50
Siva51,Password51
Siva52,Password52
Siva53,Password53
Siva54,Password54
Siva55,Password55
Siva56,Password56
Siva57,Password57
Siva58,Password58
Siva59,Password59
Siva60,Password60
Siva61,Password61
Siva62,Password62
Siva63,Password63
Siva64,Password64
Siva65,Password65
Siva66,Password66
Siva67,Password67
Siva68,Password68
Siva69,Password69
Siva70,Password70
Siva71,Password71
Siva72,Password72
Siva73,Password73
Siva74,Password74
Siva75,Password75
Siva76,Password76
Siva77,Password77
Siva78,Password78
Siva79,Password79
Siva80,Password80
Siva81,Password81
Siva82,Password82
Siva83,Password83
Siva84,Password84
Siva85,Password85
Siva86,Password86
Siva87,Password87
Siva88,Password88
Siva89,Password89
Siva90,Password90
Siva91,Password91
Siva92,Password92
Siva93,Password93
Siva94,Password94
Siva95,Password95
Siva96,Password96
Siva97,Password97
Siva98,Password98
Siva99,Password99
Siva100,Password100
Siva101,Password101
Siva102,Password102
Siva103,Password103
Siva104,Password104
Siva105,Password105
Siva106,Password106
Siva107,Password107
Siva108,Password108
Siva109,Password109
Siva110,Password110
Siva111,Password111
Siva112,Password112
Siva113,Password113
Siva114,Password114
Siva115,Password115
Siva116,Password116
Siva117,Password117
Siva118,Password118
Siva119,Password119
Siva120,Password120
Siva121,Password121
Siva122,Password122
Siva123,Password123
Siva124,Password124
Siva125,Password125
Siva126,Password126
Siva127,Password127
Siva128,Password128
Siva129,Password129
Siva130,Password130
Siva131,Password131
Siva132,Password132
Siva133,Password133
Siva134,Password134
Siva135,Password135
Siva136,Password136
Siva137,Password137
Siva138,Password138
Siva139,Password139
Siva140,Password140
Siva141,Password141
Siva142,Password142
Siva143,Password143
Siva144,Password144
Siva145,Password145
Siva146,Password146
Siva147,Password147
Siva148,Password148
Siva149,Password149
Siva150,Password150
Siva151,Password151
Siva152,Password152
Siva153,Password153
Siva154,Password154
Siva155,Password155
Siva156,Password156
Siva157,Password157
Siva158,Password158
Siva159,Password159
Siva160,Password160
Siva161,Password161
Siva162,Password162
Siva163,Password163
Siva164,Password164
Siva165,Password165
Siva166,Password166
Siva167,Password167
Siva168,Password168
Siva169,Password169
Siva170,Password170
Siva171,Password171
Siva172,Password172
Siva173,Password173
Siva174,Password174
Siva175,Password175
Siva176,Password176
Siva177,Password177
Siva178,Password178
Siva179,Password179
Siva180,Password180
Siva181,Password181
Siva182,Password182
Siva183,Password183
Siva184,Password184
Siva185,Password185
Siva186,Password186
Siva187,Password187
Siva188,Password188
Siva189,Password189
Siva190,Password190
Siva191,Password191
Siva192,Password192
Siva193,Password193
Siva194,Password194
Siva195,Password195
Siva196,Password196
Siva197,Password197
Siva198,Password198
Siva199,Password199
Siva200,Password200
Siva201,Password201
Siva202,Password202
Siva203,Password203
Siva204,Password204
Siva205,Password205
Siva206,Password206
Siva207,Password207
Siva208,Password208
Siva209,Password209
Siva210,Password210
Siva211,Password211
Siva212,Password212
Siva213,Password213
Siva214,Password214
Siva215,Password215
Siva216,Password216
Siva217,Password217
Siva218,Password218
Siva219,Password219
Siva220,Password220
Siva221,Password221
Siva222,Password222
Siva223,Password223
Siva224,Password224
Siva225,Password225
Siva226,Password226
Siva227,Password227
Siva228,Password228
Siva229,Password229
Siva230,Password230
Siva231,Password231
Siva232,Password232
Siva233,Password233
Siva234,Password234
Siva235,Password235
Siva236,Password236
Siva237,Password237
Siva238,Password238
Siva239,Password239
Siva240,Password240
Siva241,Password241
Siva242,Password242
Siva243,Password243
Siva244,Password244
Siva245,Password245
Siva246,Password246
Siva247,Password247
Siva248,Password248
Siva249,Password249
Siva250,Password250
Siva251,Password251
Siva252,Password252
Siva253,Password253
Siva254,Password254
Siva255,Password255
Siva256,Password256
Siva257,Password257
Siva258,Password258
Siva259,Password259
Siva260,Password260
Siva261,Password261
Siva262,Password262
Siva263,Password263
Siva264,Password264
Siva265,Password265
Siva266,Password266
Siva267,Password267
Siva268,Password268
Siva269,Password269
Siva270,Password270
Siva271,Password271
Siva272,Password272
Siva273,Password273
Siva274,Password274
Siva275,Password275
Siva276,Password276
Siva277,Password277
Siva278,Password278
Siva279,Password279
Siva280,Password280
Siva281,Password281
Siva282,Password282
Siva283,Password283
Siva284,Password284
Siva285,Password285
Siva286,Password286
Siva287,Password287
Siva288,Password288
Siva289,Password289
Siva290,Password290
Siva291,Password291
Siva292,Password292
Siva293,Password293
Siva294,Password294
Siva295,Password295
Siva296,Password296
Siva297,Password297
Siva298,Password298
Siva299,Password299
Siva300,Password300
Siva301,Password301
Siva302,Password302
Siva303,Password303
Siva304,Password304
Siva305,Password305
Siva306,Password306
Siva307,Password307
Siva308,Password308
Siva309,Password309
Siva310,Password310
Siva311,Password311
Siva312,Password312
Siva313,Password313
Siva314,Password314
Siva315,Password315
Siva316,Password316
Siva317,Password317
Siva318,Password318
Siva319,Password319
Siva320,Password320
Siva321,Password321
Siva322,Password322
Siva323,Password323
Siva324,Password324
Siva325,Password325
Siva326,Password326
Siva327,Password327
Siva328,Password328
Siva329,Password329
Siva330,Password330
Siva331,Password331
Siva332,Password332
Siva333,Password333
Siva334,Password334
Siva335,Password335
Siva336,Password336
Siva337,Password337
Siva338,Password338
Siva339,Password339
Siva340,Password340
Siva341,Password341
Siva342,Password342
Siva343,Password343
Siva344,Password344
Siva345,Password345
Siva346,Password346
Siva347,Password347
Siva348,Password348
Siva349,Password349
Siva350,Password350
Siva351,Password351
Siva352,Password352
Siva353,Password353
Siva354,Password354
Siva355,Password355
Siva356,Password356
Siva357,Password357
Siva358,Password358
Siva359,Password359
Siva360,Password360
Siva361,Password361
Siva362,Password362
Siva363,Password363
Siva364,Password364
Siva365,Password365
Siva366,Password366
Siva367,Password367
Siva368,Password368
Siva369,Password369
Siva370,Password370
Siva371,Password371
Siva372,Password372
Siva373,Password373
Siva374,Password374
Siva375,Password375
Siva376,Password376
Siva377,Password377
Siva378,Password378
Siva379,Password379
Siva380,Password380
Siva381,Password381
Siva382,Password382
Siva383,Password383
Siva384,Password384
Siva385,Password385
Siva386,Password386
Siva387,Password387
Siva388,Password388
Siva389,Password389
Siva390,Password390
Siva391,Password391
Siva392,Password392
Siva393,Password393
Siva394,Password394
Siva395,Password395
Siva396,Password396
Siva397,Password397
Siva398,Password398
Siva399,Password399
Siva400,Password400
Siva401,Password401
Siva402,Password402
Siva403,Password403
Siva404,Password404
Siva405,Password405
Siva406,Password406
Siva407,Password407
Siva408,Password408
Siva409,Password409
Siva410,Password410
Siva411,Password411
Siva412,Password412
Siva413,Password413
Siva414,Password414
Siva415,Password415
Siva416,Password416
Siva417,Password417
Siva418,Password418
Siva419,Password419
Siva420,Password420
Siva421,Password421
Siva422,Password422
Siva423,Password423
Siva424,Password424
Siva425,Password425
Siva426,Password426
Siva427,Password427
Siva428,Password428
Siva429,Password429
Siva430,Password430
Siva431,Password431
Siva432,Password432
Siva433,Password433
Siva434,Password434
Siva435,Password435
Siva436,Password436
Siva437,Password437
Siva438,Password438
Siva439,Password439
Siva440,Password440
Siva441,Password441
Siva442,Password442
Siva443,Password443
Siva444,Password444
Siva445,Password445
Siva446,Password446
Siva447,Password447
Siva448,Password448
Siva449,Password449
Siva450,Password450
Siva451,Password451
Siva452,Password452
Siva453,Password453
Siva454,Password454
Siva455,Password455
Siva456,Password456
Siva457,Password457
Siva458,Password458
Siva459,Password459
Siva460,Password460
Siva461,Password461
Siva462,Password462
Siva463,Password463
Siva464,Password464
Siva465,Password465
Siva466,Password466
Siva467,Password467
Siva468,Password468
Siva469,Password469
Siva470,Password470
Siva471,Password471
Siva472,Password472
Siva473,Password473
Siva474,Password474
Siva475,Password475
Siva476,Password476
Siva477,Password477
Siva478,Password478
Siva479,Password479
Siva480,Password480
Siva481,Password481
Siva482,Password482
Siva483,Password483
Siva484,Password484
Siva485,Password485
Siva486,Password486
Siva487,Password487
Siva488,Password488
Siva489,Password489
Siva490,Password490
Siva491,Password491
Siva492,Password492
Siva493,Password493
Siva494,Password494
Siva495,Password495
Siva496,Password496
Siva497,Password497
Siva498,Password498
Siva499,Password499
Siva500,Password500
Siva501,Password501
Siva502,Password502
Siva503,Password503
Siva504,Password504
Siva505,Password505
Siva506,Password506
Siva507,Password507
Siva508,Password508
Siva509,Password509
Siva510,Password510
Siva511,Password511
Siva512,Password512
Siva513,Password513
Siva514,Password514
Siva515,Password515
Siva516,Password516
Siva517,Password517
Siva518,Password518
Siva519,Password519
Siva520,Password520
Siva521,Password521
Siva522,Password522
Siva523,Password523
Siva524,Password524
Siva525,Password525
Siva526,Password526
Siva527,Password527
Siva528,Password528
Siva529,Password529
Siva530,Password530
Siva531,Password531
Siva532,Password532
Siva533,Password533
Siva534,Password534
Siva535,Password535
Siva536,Password536
Siva537,Password537
Siva538,Password538
Siva539,Password539
Siva540,Password540
Siva541,Password541
Siva542,Password542
Siva543,Password543
Siva544,Password544
Siva545,Password545
Siva546,Password546
Siva547,Password547
Siva548,Password548
Siva549,Password549
Siva550,Password550
Siva551,Password551
Siva552,Password552
Siva553,Password553
Siva554,Password554
Siva555,Password555
Siva556,Password556
Siva557,Password557
Siva558,Password558
Siva559,Password559
Siva560,Password560
Siva561,Password561
Siva562,Password562
Siva563,Password563
Siva564,Password564
Siva565,Password565
Siva566,Password566
Siva567,Password567
Siva568,Password568
Siva569,Password569
Siva570,Password570
Siva571,Password571
Siva572,Password572
Siva573,Password573
Siva574,Password574
Siva575,Password575
Siva576,Password576
Siva577,Password577
Siva578,Password578
Siva579,Password579
Siva580,Password580
Siva581,Password581
Siva582,Password582
Siva583,Password583
Siva584,Password584
Siva585,Password585
Siva586,Password586
Siva587,Password587
Siva588,Password588
Siva589,Password589
Siva590,Password590
Siva591,Password591
Siva592,Password592
Siva593,Password593
Siva594,Password594
Siva595,Password595
Siva596,Password596
Siva597,Password597
Siva598,Password598
Siva599,Password599
Siva600,Password600
Siva601,Password601
Siva602,Password602
Siva603,Password603
Siva604,Password604
Siva605,Password605
Siva606,Password606
Siva607,Password607
Siva608,Password608
Siva609,Password609
Siva610,Password610
Siva611,Password611
Siva612,Password612
Siva613,Password613
Siva614,Password614
Siva615,Password615
Siva616,Password616
Siva617,Password617
Siva618,Password618
Siva619,Password619
Siva620,Password620
Siva621,Password621
